model,overlap_count,overlap_ratio
logreg,0.7540628385698809,0.01005417118093173
svm,0.733477789815818,0.00977970386421089
xgboost,0.8808234019501625,0.011744312026002143
