method,overlap_count,overlap_ratio
kmeans,0.8436363636363636,0.01124848484848483
leiden,0.7485207100591716,0.00998027613412227
louvain,0.7860215053763441,0.010480286738351234
